{
  "tests_passed": 7,
  "tests_total": 7,
  "self_org_c_norms": [
    0.0,
    0.0,
    0.0,
    0.0,
    0.0,
    0.0,
    0.0,
    0.0,
    0.026757700368762016,
    0.05787524953484535,
    0.09090841561555862,
    0.12454704940319061,
    0.15806017816066742,
    0.19101472198963165,
    0.22313541173934937,
    0.254236102104187,
    0.28418731689453125,
    0.3129009008407593,
    0.34032365679740906,
    0.36643481254577637,
    0.39124545454978943,
    0.41479769349098206,
    0.4371648132801056,
    0.45844900608062744,
    0.4787803292274475,
    0.4983139634132385,
    0.5026576519012451,
    0.5044829845428467,
    0.5052110552787781,
    0.5055362582206726,
    0.5057854652404785,
    0.5061047673225403,
    0.5065504312515259,
    0.5071351528167725,
    0.5078482031822205,
    0.5086660385131836,
    0.5095576047897339,
    0.5104881525039673,
    0.511420726776123,
    0.5123175978660583,
    0.51314377784729,
    0.5138658285140991,
    0.5144549608230591,
    0.5148878693580627,
    0.5151475667953491,
    0.5152233839035034,
    0.515112578868866,
    0.5148195028305054,
    0.5143554210662842,
    0.5137392282485962,
    0.5129953026771545,
    0.512153148651123,
    0.5112463235855103,
    0.5103105306625366,
    0.5093837380409241,
    0.5085027813911438,
    0.5077024698257446,
    0.50701504945755,
    0.5064678192138672,
    0.5060830116271973,
    0.5058757066726685,
    0.5058543086051941,
    0.5060197710990906,
    0.5063650608062744,
    0.506877064704895,
    0.5075348019599915,
    0.5083118677139282,
    0.5091776251792908,
    0.5100971460342407,
    0.511033833026886,
    0.511950671672821,
    0.5128107070922852,
    0.513579785823822,
    0.514227569103241,
    0.5147279500961304,
    0.5150615572929382,
    0.5152145028114319,
    0.515181303024292,
    0.5149627923965454,
    0.5145681500434875,
    0.5140125751495361,
    0.5133184790611267,
    0.5125132203102112,
    0.5116288661956787,
    0.5107007026672363,
    0.5097658038139343,
    0.5088614225387573,
    0.5080232620239258,
    0.5072853565216064,
    0.5066768527030945,
    0.5062220692634583,
    0.5059396028518677,
    0.5058403015136719,
    0.5059283971786499,
    0.5062002539634705,
    0.5066450834274292,
    0.507244884967804,
    0.5079759359359741,
    0.508808970451355,
    0.509710431098938
  ],
  "self_org_action_std": [
    0.0,
    0.0,
    0.0,
    0.0,
    0.0,
    0.0,
    0.0,
    0.0,
    1.0,
    0.9996874928474426,
    0.9979767203330994,
    0.9999918937683105,
    0.9996854662895203,
    0.999998152256012,
    0.9996793270111084,
    0.9992642998695374,
    0.9943891167640686,
    0.9948784708976746,
    0.9977989792823792,
    0.9984920620918274,
    0.9973082542419434,
    0.9936309456825256,
    0.9946905374526978,
    0.9953597187995911,
    0.9926900863647461,
    0.9934237599372864,
    0.992527425289154,
    0.9869728684425354,
    0.9926302433013916,
    0.9923861622810364,
    0.9925318360328674,
    0.9924167394638062,
    0.992220938205719,
    0.9926952123641968,
    0.9921004176139832,
    0.9927399754524231,
    0.9919525384902954,
    0.9929674863815308,
    0.9919425845146179,
    0.9928990602493286,
    0.9919629693031311,
    0.9930570125579834,
    0.9919878840446472,
    0.9929524660110474,
    0.9920337200164795,
    0.9931021332740784,
    0.9920240044593811,
    0.9929900765419006,
    0.992038905620575,
    0.9931222796440125,
    0.9920112490653992,
    0.9929806590080261,
    0.9920112490653992,
    0.9930822253227234,
    0.9919875264167786,
    0.9929199814796448,
    0.9920230507850647,
    0.9930009245872498,
    0.9909947514533997,
    0.9927709102630615,
    0.9921208620071411,
    0.9925874471664429,
    0.9923312067985535,
    0.9924665093421936,
    0.9924363493919373,
    0.992178738117218,
    0.9927330017089844,
    0.9920845627784729,
    0.9927704334259033,
    0.9919655323028564,
    0.9929935932159424,
    0.9919673204421997,
    0.9929280281066895,
    0.9919740557670593,
    0.9930953979492188,
    0.9919930100440979,
    0.9929935336112976,
    0.9920095801353455,
    0.9931389093399048,
    0.9920106530189514,
    0.9930094480514526,
    0.9920061826705933,
    0.9931243658065796,
    0.991997480392456,
    0.9929715991020203,
    0.9919803142547607,
    0.9930757284164429,
    0.9919695258140564,
    0.9929274320602417,
    0.9919683933258057,
    0.9901204109191895,
    0.9920591115951538,
    0.9928410649299622,
    0.992114782333374,
    0.9925336241722107,
    0.9923608303070068,
    0.9924184679985046,
    0.9924773573875427,
    0.9921569228172302,
    0.9927717447280884
  ],
  "stoch_dep_fraction": 0.32
}