method,morphology,mpjpe_mm,joint_angle_rmse_rad,activation_volume,frame_coverage,success_rate
PPO_baseline,legs_80,106.4373629133578,0.12388784397520523,22.5961646384935,0.8952630481366218,0.6329620717606773
PPO_baseline,legs_abs_86,118.53734109820535,0.15611397019903528,22.965325178936332,0.7358718171491528,0.7576350782634484
PPO_baseline,legs_back_290,82.24788145395488,0.17267649888486017,68.67818802497095,0.9303732517158324,0.7551949695895659
PPO_DEP,legs_80,62.58917481102362,0.11513970689634595,9.08489335377098,0.7919762189342345,0.6979201587388143
PPO_DEP,legs_abs_86,89.66247474435407,0.0981347072910388,26.339506395816855,0.8075628268746831,0.7415690903794441
PPO_DEP,legs_back_290,60.92657410045034,0.10767128531679789,31.69940706663797,0.6317208991120763,0.7132070635896302
